LoadScale,Threads,BaseTime(s),ElapsedTime(s),Efficiency
1,1,7.500610,7.500610,1.000000
1,2,7.500610,5.276328,0.710779
1,4,7.500610,3.099884,0.604910
1,8,7.500610,1.934597,0.484636
1,16,7.500610,1.483406,0.316021
1,32,7.500610,1.536305,0.152570
1,64,7.500610,1.525952,0.076803
