LoadScale,Threads,BaseTime(s),ElapsedTime(s),Efficiency
1,1,23.441795,23.441795,1.000000
1,2,23.441795,10.044597,1.166886
1,4,23.441795,5.044645,1.161717
1,8,23.441795,3.892956,0.752699
1,16,23.441795,2.825076,0.518610
1,32,23.441795,2.889980,0.253481
1,64,23.441795,2.368926,0.154618
