LoadScale,Threads,BaseTime(s),ElapsedTime(s),Efficiency
1,1,0.221632,0.221632,1.000000
1,2,0.221632,0.109450,1.012481
1,4,0.221632,0.069195,0.800752
1,8,0.221632,0.067343,0.411387
1,16,0.221632,0.075198,0.184207
1,32,0.221632,0.067443,0.102694
1,64,0.221632,0.064802,0.053440
