TimeStep,Field_U_Center,MaxDeviation_U,StepDuration
-1,1.0,0.0,0.0
0,11.000000,10.000000,0.0
1,10.400000,9.400000,1.698125
2,9.842000,8.842000,1.449565
3,9.322760,8.322760,1.445669
4,8.839308,7.839308,1.466720
5,8.388917,7.388917,1.448548
