TimeStep,Field_U_Center,MaxDeviation_U,StepDuration
-1,1.0,0.0,0.0
0,11.000000,10.000000,0.0
1,10.400000,9.400000,0.257010
2,9.842000,8.842000,0.217409
3,9.322760,8.322760,0.214103
4,8.839308,7.839308,0.228422
5,8.388917,7.388917,0.213158
