TimeStep,Field_U_Center,MaxDeviation_U,StepDuration
-1,1.0,0.0,0.0
0,11.000000,10.000000,0.0
1,10.400000,9.400000,0.226951
2,9.842000,8.842000,0.198878
3,9.322760,8.322760,0.199362
4,8.839308,7.839308,0.200106
5,8.388917,7.388917,0.203046
